{"cameraMode":{"drawMode":0,"name":"Shaded","section":"Shading Mode"},"sceneLighting":false,"audioPlay":false,"sceneViewState":{"showFog":true,"showMaterialUpdate":false,"showSkybox":false,"showFlares":true,"showImageEffects":true,"showParticleSystems":true},"in2DMode":false,"pivot":{"x":585.9818725585938,"y":378.84857177734377,"z":-0.00756473932415247},"rotation":{"x":0.00030966210761107504,"y":0.0014948074240237475,"z":-7.838269198146008e-7,"w":1.000004529953003},"size":332.311767578125,"orthographic":false}