{"cameraMode":{"drawMode":0,"name":"Shaded","section":"Shading Mode"},"sceneLighting":true,"audioPlay":false,"sceneViewState":{"showFog":true,"showMaterialUpdate":false,"showSkybox":true,"showFlares":true,"showImageEffects":true,"showParticleSystems":true},"in2DMode":false,"pivot":{"x":373.8000183105469,"y":362.6000061035156,"z":0.0},"rotation":{"x":0.00030966210761107504,"y":0.0014948074240237475,"z":-7.838269198146008e-7,"w":1.000004529953003},"size":332.4836730957031,"orthographic":false}