{"cameraMode":{"drawMode":0,"name":"Shaded","section":"Shading Mode"},"sceneLighting":false,"audioPlay":false,"sceneViewState":{"showFog":true,"showMaterialUpdate":false,"showSkybox":false,"showFlares":true,"showImageEffects":true,"showParticleSystems":true},"in2DMode":false,"pivot":{"x":701.857421875,"y":528.1309204101563,"z":-0.2644679546356201},"rotation":{"x":0.00030966210761107504,"y":0.0014948074240237475,"z":-7.838269198146008e-7,"w":1.000004529953003},"size":174.79161071777345,"orthographic":false}