{"cameraMode":{"drawMode":0,"name":"Shaded","section":"Shading Mode"},"sceneLighting":true,"audioPlay":false,"sceneViewState":{"showFog":true,"showMaterialUpdate":false,"showSkybox":true,"showFlares":true,"showImageEffects":true,"showParticleSystems":true},"in2DMode":false,"pivot":{"x":-1.4000000953674317,"y":0.0,"z":-0.17000000178813935},"rotation":{"x":0.00030966210761107504,"y":0.0014948074240237475,"z":-7.838269198146008e-7,"w":1.000004529953003},"size":6.127012729644775,"orthographic":false}