{"cameraMode":{"drawMode":0,"name":"Shaded","section":"Shading Mode"},"sceneLighting":true,"audioPlay":false,"sceneViewState":{"showFog":true,"showMaterialUpdate":false,"showSkybox":true,"showFlares":true,"showImageEffects":true,"showParticleSystems":true},"in2DMode":false,"pivot":{"x":-1.8768577575683594,"y":-0.8165087103843689,"z":-0.1624041646718979},"rotation":{"x":-0.01918761432170868,"y":-0.013502067886292935,"z":-0.0002602155727799982,"w":0.9997331500053406},"size":2.6834166049957277,"orthographic":false}