{"cameraMode":{"drawMode":0,"name":"Shaded","section":"Shading Mode"},"sceneLighting":false,"audioPlay":false,"sceneViewState":{"showFog":true,"showMaterialUpdate":false,"showSkybox":false,"showFlares":true,"showImageEffects":true,"showParticleSystems":true},"in2DMode":false,"pivot":{"x":0.15000000596046449,"y":-0.15000000596046449,"z":-0.10000000149011612},"rotation":{"x":0.00030966210761107504,"y":0.0014948074240237475,"z":-7.838269198146008e-7,"w":1.000004529953003},"size":0.17033055424690247,"orthographic":false}